algorithm,iteration,exploitability,seconds
cfr,25,0.3974605121585193,2.0404307000062545
cfr,50,0.1890834659549564,4.15080900000612
cfr,75,0.12136796657483918,6.22458860000188
cfr,100,0.09571635300459762,8.280217400002584
cfr,125,0.07639850691028223,10.299565400004212
cfr,150,0.06265887163593944,12.332674500001303
cfr,175,0.06079883539352525,14.313311500001873
cfr,200,0.05383832390281963,16.371252500000992
cfr+,25,0.11935086897251256,2.2634479999978794
cfr+,50,0.03412145649454931,4.548727399997006
cfr+,75,0.021345359588892165,6.862334899997222
cfr+,100,0.013415994970897835,9.17085280000174
cfr+,125,0.010314710258074747,11.495804899997893
cfr+,150,0.007440587105990909,13.815651899996737
cfr+,175,0.005689957941459559,16.14344549999805
cfr+,200,0.0049631295504932865,18.486552099995606
mccfr,2500,0.7904403235197632,0.9049707000012859
mccfr,5000,0.4894145781077333,1.8145780000049854
mccfr,7500,0.3546812567019627,2.729191999998875
mccfr,10000,0.31779477733310446,3.630149900003744
mccfr,12500,0.2625403887161275,4.489884400005394
mccfr,15000,0.22761854187440814,5.383189200001652
mccfr,17500,0.20666123009057108,6.282572700001765
mccfr,20000,0.1831341829398535,7.145452400000067
